food_name,"Thiamin, mg","Riboflavin, mg","Folate, total, µg","Protein, g","Ash, g","Fructose, g","Lactose, g","Energy, kJ","Fiber, total dietary, g","Iron, Fe, mg","Magnesium, Mg, mg","Phosphorus, P, mg","Sodium, Na, mg","Copper, Cu, mg","Manganese, Mn, mg","Niacin, mg","Vitamin B-6, mg","Total lipid (fat), g","Carbohydrate, by difference, g","Energy, kcal","Sucrose, g","Glucose, g","Maltose, g","Water, g","Calcium, Ca, mg","Potassium, K, mg","Zinc, Zn, mg","Selenium, Se, Âµg","Nitrogen, g","Sugars, Total, g"
"Hummus, commercial",0.15,0.115,36,7.35,1.97,0.15,0,960,5.4,2.41,71.1,166,438,0.348,1.06,0.948,0.143,17.1,14.9,229,0.18,0,0,58.7,41,289,1.38,16.2,1.18,0.34
"Tomatoes, grape, raw",0.075,0.065,10,0.83,0.56,0,0,113,2.1,0.33,11.9,28,6,0.058,0.121,0.805,0.06,0.63,5.51,27,0,0,0,92.5,11,260,0.2,0,0.13,0
"Beans, snap, green, canned, regular pack, drained solids",0,0,0,1.04,0.89,0.64,0,86,0,0.78,12.7,23,282,0.041,0.176,0,0,0.39,4.11,21,0,0.65,0,93.6,36,97,0.19,0,0.17,1.29
"Frankfurter, beef, unheated",0.033,0.154,0,11.7,2.74,0,0,1310,0,1.14,11.5,128,872,0.046,0.031,2.25,0.13,28,2.89,314,0,1.17,0.09,54.6,15,343,2.06,0,1.87,1.26
"Nuts, almonds, dry roasted, with salt added",0.079,1.57,35,20.4,3.47,0,0,2590,11,3.17,258,456,256,0.87,2.02,3.1,0.075,57.8,16.2,620,4.17,0,0,2.2,273,684,2.8,0,3.94,4.17
"Kale, raw",0.113,0.347,62,2.92,1.54,0.4,0,148,4.1,1.6,32.7,55,53,0.053,0.92,1.18,0.147,1.49,4.42,35,0,0.4,0,89.6,254,348,0.39,0,0.47,0.8
"Egg, whole, raw, frozen, pasteurized",0,0,0,12.3,1.16,0,0,627,0,1.77,11.2,189,121,0,0,0,0,10.3,0.91,150,0,0,0,75.4,55,117,1.2,0,1.97,0
"Egg, white, raw, frozen, pasteurized",0,0,0,10.1,0.7,0,0,201,0,0.18,10.6,0,144,0,0,0,0,0.16,0.74,48,0,0,0,88.3,9,130,0.02,0,1.61,0
"Egg, white, dried",0,0,0,79.9,5.47,0,0,1570,0,0,87.6,107,1250,0,0,0,0,0.65,6.02,376,0,0,0,7.98,104,959,0.43,0,12.8,0
"Onion rings, breaded, par fried, frozen, prepared, heated in oven",0.196,0.116,31,4.52,1.44,1.21,0.03,1210,2.4,1.14,20.4,75,374,0.081,0.435,1.57,0.127,14.4,36.3,288,1.34,1.2,0.71,43.4,28,135,0.59,5.6,0.74,4.5
"Pickles, cucumber, dill or kosher dill",0.047,0.057,8,0.48,2.44,0.65,0,50,1,0.23,7.1,16,808,0.026,0.056,0.109,0.034,0.43,1.99,12,0,0.63,0,94.7,54,112,0.11,0,0.08,1.28
"Cheese, parmesan, grated",0.027,0.345,6,29.6,7.15,0,0,1760,0,0.45,34.9,634,1750,0.04,0.066,0.078,0.081,28,12.4,421,0,0,0,22.8,884,184,4.33,35,4.63,0.07
"Cheese, pasteurized process, American, vitamin D fortified",0.015,0.247,0,18,6.59,0,2.5,1530,0,0.48,25.1,540,1660,0.046,0.038,0.095,0.056,30.6,5.27,366,0,0,0,39.6,866,149,2.42,20.4,2.82,2.63
"Grapefruit juice, white, canned or bottled, unsweetened",0.062,0.02,12,0.55,0.29,3.32,0,157,0.2,0.07,9.6,17,1,0.032,0.02,0.253,0,0.7,7.59,37,1.17,3.22,0,90.9,16,141,0.04,0,0.09,7.72
"Peaches, yellow, raw",0.024,0.031,6,0.91,0.43,1.53,0,174,1.5,0.34,8,22,13,0.078,0.026,0.806,0.025,0.27,10.1,42,4.76,1.95,0.08,88.3,4,122,0.23,2.1,0.15,8.39
"Seeds, sunflower seed kernels, dry roasted, with salt added",0.473,0.507,169,21,4.3,0,0,2560,10.3,5.21,358,750,532,1.83,2.89,6.96,0.76,56.1,17.1,612,3.14,0,0,1.5,78,689,6,80.4,3.96,3.14
"Bread, white, commercially prepared",0.507,0.24,0,9.43,2.1,2.28,0.06,1130,2.3,3.36,26.9,113,477,0.124,0.632,4.76,0.092,3.59,49.2,270,0,1.44,1.56,35.7,211,117,0.88,23.2,1.51,5.34
"Kale, frozen, cooked, boiled, drained, without salt",0.063,0.14,65,2.94,0.73,0.42,0,151,0,0.84,25,42,16,0.067,0.542,0.457,0.063,1.21,5.3,36,0.16,0.54,0,89.8,150,144,0.27,0,0.47,1.12
"Mustard, prepared, yellow",0.189,0.066,7,4.25,3.37,0.23,0,254,4.3,1.59,47.7,108,1100,0.074,0.42,0.561,0.069,3.38,5.3,61,0.2,0.48,0,83.7,63,150,0.64,34,0.68,1.42
"Kiwifruit, green, raw",0.027,0.025,26,1.06,0.63,4.35,0.02,241,3,0.24,15.7,34,5,0.134,0.064,0.37,0.061,0.44,14,58,0.15,4.11,0.19,83.9,35,198,0.14,0.2,0.17,8.99
"Nectarines, raw",0.034,0.027,6,1.06,0.48,1.39,0,163,1.5,0.3,8.8,26,13,0.082,0.047,1.12,0.025,0.28,9.18,39,4.83,1.67,0,89,2,131,0.21,0,0.17,7.89
"Cheese, cheddar",0.029,0.441,21,23.3,3.67,0,0.16,1710,0,0.16,26.8,458,654,0.033,0.026,0.052,0.069,34,2.44,408,0,0.1,0,36.6,707,77,3.67,28.3,3.65,0.33
"Cheese, cottage, lowfat, 2% milkfat",0.02,0.234,10,11,1.25,0,3.98,352,0,0.13,8.9,148,321,0.03,0.015,0.09,0.057,2.3,4.31,84,0,0,0,81.1,103,120,0.61,14.6,1.73,4.1
"Cheese, mozzarella, low moisture, part-skim",0.023,0.36,26,23.7,3.79,0,0.66,1240,0,0.2,27.2,533,699,0.035,0.035,0.101,0.09,20.4,4.44,298,0,0.3,0,47.7,693,116,3.62,26.7,3.71,1.81
"Egg, whole, dried",0,0,0,48.1,6.2,0,0,2410,0,6.97,44.6,770,485,0,0,0,0,39.8,1.87,575,0,0,0,4.07,220,468,5.02,0,7.69,0
"Egg, yolk, raw, frozen, pasteurized",0,0,0,15.6,2.65,0,0,1240,0,4.13,11.2,443,66,0,0.068,0,0,25.1,0.59,296,0,0,0,56.1,119,102,2.93,0,2.49,0
"Egg, yolk, dried",0,0,0,34.2,5.54,0,0,2740,0,9.28,26,982,149,0,0,0,0,55.5,1.07,654,0,0,0,3.64,270,231,7.11,0,5.48,0
"Yogurt, Greek, plain, nonfat",0.022,0.281,0,10.3,0.72,0,2.57,256,0,0.07,10.7,136,36,0.017,0.009,0.211,0.064,0.37,3.64,61,0,0,0,85,111,141,0.53,9.9,1.61,3.27
"Yogurt, Greek, strawberry, nonfat",0,0.25,20,8.06,0.59,2.09,2.46,347,0.6,0.09,10.4,113,32,0.02,0.034,0.208,0.05,0.15,12.2,83,5.56,0.84,0,79,97,133,0.46,9.8,0,11.5
"Oil, coconut",0,0,0,0,0.03,0,0,3480,0,0.05,0,0,0,0,0,0,0,99.1,0.84,833,0,0,0,0.03,1,0,0.02,0,0,0
"Chicken, broilers or fryers, drumstick, meat only, cooked, braised",0.088,0.18,0,23.9,0.98,0,0,652,0,0.94,22.4,184,117,0.063,0.018,5.05,0.372,5.95,0,156,0,0,0,69.9,12,239,2.54,27.9,3.83,0
"Chicken, broiler or fryers, breast, skinless, boneless, meat only, cooked, braised",0.098,0.187,0,32.1,1.19,0,0,695,0,0.49,32,241,47,0.044,0.012,9.45,0.921,3.24,0,166,0,0,0,65.3,6,343,0.96,31.9,5.13,0
"Sauce, pasta, spaghetti/marinara, ready-to-serve",0,0,0,1.41,1.66,2.35,0,186,1.8,0.78,18.5,34,419,0.081,0.137,0,0,1.48,8.05,45,0.85,2.3,0,87.4,27,319,0.2,0,0.23,5.5
"Ham, sliced, pre-packaged, deli meat (96%fat free, water added)",0,0,0,16.7,3.61,0,0,443,0,0.58,18.8,261,1040,0.05,0,0,0,3.73,0.27,106,0,0,0,75.7,5,425,1.52,0,2.67,0
"Olives, green, Manzanilla, stuffed with pimiento",0.041,0,0,1.15,4.29,0,0,543,4,0.31,12.4,7,1620,0.107,0.047,0.103,0,12.9,4.96,130,0,0,0,76.7,121,43,0.09,0,0.18,0
"Cookies, oatmeal, soft, with raisins",0.295,0.218,34,5.79,1.44,11.1,0,1800,3.3,2.28,32.4,111,314,0.141,0.755,2.11,0.07,14.3,69.6,430,15.1,7.58,1.01,8.85,29,245,0.62,6,0.93,34.8
"Tomatoes, canned, red, ripe, diced",0,0,0,0.84,0.74,1.49,0,76,0,0.57,9.8,18,125,0.052,0.068,0,0,0.5,3.32,18,0,1.5,0,94.6,30,198,0.12,0,0.14,2.99
"Fish, haddock, raw",0.02,0.057,0,16.3,1.28,0,0,308,0,0.17,21.1,227,213,0.021,0.011,3.36,0.281,0.45,0,74,0,0,0,83.4,11,286,0.32,25.9,2.61,0
"Fish, pollock, raw",0.03,0.08,0,12.3,1.36,0,0,235,0,0.22,16.1,284,333,0.031,0.011,0.653,0.069,0.41,0,56,0,0,0,86.7,15,160,0.31,15.9,1.97,0
"Fish, tuna, light, canned in water, drained solids",0.03,0.082,0,19,0.98,0,0,376,0,1.67,22.7,137,219,0.048,0.019,9.92,0.32,0.94,0.08,90,0,0,0,79,18,176,0.66,67.8,3.04,0
"Restaurant, Chinese, fried rice, without meat",0,0,0,3.84,1.13,0.12,0,729,0,0.46,9.7,44,361,0.086,0.428,0,0,3.19,32.5,174,0.37,0.12,0,59.3,11,69,0.69,0,0.61,0.62
"Restaurant, Latino, tamale, pork",0.04,0.05,0,7.38,1.82,0.21,0,728,2.4,0.87,26.2,120,473,0.05,0.186,1.29,0.132,9.04,15.8,174,0.24,0,0,66,75,152,1.2,9.8,1.18,0.46
"Restaurant, Latino, pupusas con frijoles (pupusas, bean)",0.077,0.03,0,5.59,1.74,0.22,0,959,5.8,1.46,53.6,144,305,0.141,0.344,0.867,0.172,9.01,31.5,229,0.76,0,0.32,52.2,51,305,0.94,7,0.9,1.3
"Bread, whole-wheat, commercially prepared",0.391,0.166,42,12.3,2.36,2.24,0.01,1060,6,2.56,76.6,212,450,0.226,2.18,4.43,0.216,3.55,43.1,254,0.03,1.1,1.03,38.7,163,250,1.76,25.8,1.97,4.41
"Beef, loin, tenderloin roast, separable lean only, boneless, trimmed to 0"" fat, select, cooked, roasted",0,0.4,0,27.7,1.22,0,0,735,0,3.04,13.7,259,54,0.097,0.008,5.76,0.67,6.36,0,176,0,0,0,65.7,13,352,3.7,25.4,0,0
"Beef, loin, top loin steak, boneless, lip-on, separable lean only, trimmed to 1/8"" fat, choice, raw",0.053,0.202,0,22.8,1.01,0,0,648,0,1.9,11.3,206,45,0.043,0.002,6.88,0.575,6.39,0,155,0,0,0,69.9,15,282,3.76,21.3,0,0
"Beef, round, eye of round roast, boneless, separable lean only, trimmed to 0"" fat, select, raw",0,0.185,0,23.4,1.08,0,0,512,0,1.37,11.4,222,50,0.035,0.002,6.58,0.638,2.48,0,122,0,0,0,73.7,13,312,3.38,22.2,0,0
"Beef, round, top round roast, boneless, separable lean only, trimmed to 0"" fat, select, raw",0.064,0.25,0,23.7,1.11,0,0,514,0,2.34,11.9,220,55,0.047,0.003,6.16,0.626,2.41,0,123,0,0,0,73.3,13,316,3.54,22.7,0,0
"Beef, short loin, porterhouse steak, separable lean only, trimmed to 1/8"" fat, select, raw",0,0.23,0,22.7,1.02,0,0,606,0,2.26,10.7,200,43,0.075,0.003,5.32,0.751,5.32,0,145,0,0,0,71.4,19,266,3.52,21.4,0,0
"Beef, short loin, t-bone steak, bone-in, separable lean only, trimmed to 1/8"" fat, choice, cooked, grilled",0,0.27,0,27.3,1.02,0,0,918,0,3.53,20,211,67,0.078,0.003,6.37,0.753,11.4,0,219,0,0,0,60.3,19,283,4.69,29.7,0,0
"Carrots, frozen, unprepared",0.039,0.047,7,0.81,0.72,1.05,0,153,3.2,0.43,10.8,31,66,0.08,0.143,0.465,0.088,0.47,7.92,37,2.31,0.84,0,90.1,33,210,0.28,0,0.13,4.2
"Cheese, dry white, queso seco",0.038,0.23,0,24.5,6.93,0,0.12,1360,0,0.18,26.7,475,1810,0.027,0.018,0.083,0.091,24.3,2.07,326,0,0,0,42.2,661,116,3.28,22.4,3.84,0.43
"Cheese, ricotta, whole milk",0.043,0.327,4,7.81,1.36,0,0,657,0,0.1,19.7,162,105,0,0,0.168,0.099,11,6.86,157,0,0,0,72.9,224,230,0.56,5.5,1.22,0
"Cheese, swiss",0.011,0.303,9,27,2.97,0,0,1640,0,0.13,33.4,574,185,0.047,0.027,0.06,0.07,31,1.44,393,0,0,0,37.6,890,71,4.37,30.1,4.23,0
"Figs, dried, uncooked",0.085,0.082,9,3.3,1.86,22.9,0,1040,9.8,2.03,67.6,67,10,0.287,0.51,0.619,0.106,0.92,63.9,249,0.07,24.8,0,30,162,680,0.66,0.6,0.53,47.9
"Lettuce, cos or romaine, raw",0.079,0.072,50,1.24,0.55,0.8,0,70,1.8,0.95,13.7,30,0,0.048,0.127,0.323,0.078,0.26,3.24,17,0,0.39,0,94.7,35,253,0.25,0.4,0.2,1.19
"Melons, cantaloupe, raw",0.049,0.027,14,0.82,0.63,2.4,0,141,0.8,0.38,13,17,30,0.085,0.046,0.694,0.04,0.18,8.16,34,3.32,2.08,0.02,90.2,9,157,0.44,1.7,0.13,7.88
"Oranges, raw, navels",0.068,0.051,25,0.91,0.43,2.36,0,196,2,0.33,10.7,23,9,0.064,0.029,0.425,0.079,0.15,11.8,47,4.19,2.02,0,86.7,43,166,0.11,0,0.14,8.57
"Milk, lowfat, fluid, 1% milkfat, with added vitamin A and vitamin D",0.057,0.14,2,3.38,0.8,0,4.96,179,0,0,12,103,39,0.001,0,0.113,0.06,0.95,5.18,43,0,0,0,89.7,126,159,0.43,2.1,0.53,4.96
"Pears, raw, bartlett",0.012,0.026,6,0.38,0.3,6.76,0,238,3.1,0.17,5.7,10,7,0.07,0.032,0.164,0.026,0.16,15.1,57,0.43,2.5,0,84.1,8,87,0.07,0.2,0.06,9.69
"Restaurant, Chinese, sweet and sour pork",0.235,0.103,0,8.88,1.25,2.85,0,1090,1,3.07,13,133,304,0.06,0.173,2.11,0.17,13.6,25.5,260,4.47,3.01,0,50.8,46,152,1.07,9.7,1.42,10.3
"Salt, table, iodized",0,0,0,0,99,0,0,0,0,0,0,0,38700,0,0.032,0,0,0,0,0,0,0,0,0.42,50,2,0,0,0,0
"Milk, nonfat, fluid, with added vitamin A and vitamin D (fat free or skim)",0.056,0.131,2,3.43,0.77,0,5.05,144,0,0,12.5,107,41,0.002,0.001,0.118,0.058,0.08,4.92,34,0,0,0,90.8,132,167,0.45,2,0.54,5.05
"Sauce, salsa, ready-to-serve",0.035,0,0,1.44,2.3,1.98,0,122,1.8,0.42,15.2,32,656,0.065,0.11,1.12,0.176,0.19,6.74,29,0.2,1.63,0,89.3,28,258,0.2,0,0.23,3.81
"Milk, reduced fat, fluid, 2% milkfat, with added vitamin A and vitamin D",0.059,0.137,2,3.36,0.75,0,4.89,209,0,0,12,103,39,0.001,0.001,0.112,0.061,1.9,4.9,50,0,0,0,89.1,126,159,0.43,1.8,0.53,4.89
"Sausage, breakfast sausage, beef, pre-cooked, unprepared",0.054,0.132,0,13.3,2.97,0,0,1370,0,1.55,19.7,124,866,0.075,0.174,2.43,0.15,28.7,3.37,328,0,1,0,51.7,35,263,2.14,11.6,2.13,1
"Sausage, Italian, pork, mild, cooked, pan-fried",0.31,0.242,0,18.2,2.63,0,0,1350,0,1.29,18.6,145,766,0.074,0.033,5.73,0.343,26.2,2.15,322,0,1.46,0,50.9,12,310,2.41,20.2,2.91,1.46
"Sausage, pork, chorizo, link or ground, cooked, pan-fried",0.365,0.42,10,19.3,3.66,0,0,1450,0,2.34,30.1,207,983,0.13,0.188,7.06,0.554,28.1,2.63,346,0,0,0,46.3,37,435,2.19,25.9,3.09,0
"Milk, whole, 3.25% milkfat, with added vitamin D",0.056,0.138,0,3.27,0.8,0,4.81,251,0,0,11.9,101,38,0.001,0,0.105,0.061,3.2,4.63,60,0,0,0,88.1,123,150,0.42,1.9,0.51,4.81
"Sausage, turkey, breakfast links, mild, raw",0.047,0.296,0,16.7,2.37,0,0,706,0,1.17,18.9,178,599,0.07,0.035,5.02,0.335,10.4,0.93,169,0,0,0,69.6,32,310,2.58,12.5,2.67,0
"Sugars, granulated",0,0,0,0,0.07,0,0,1610,0,0.05,0.3,0,1,0.007,0.004,0,0,0.32,99.6,385,99.8,0,0,0.02,1,2,0.01,0,0,99.8
"Turkey, ground, 93% lean, 7% fat, pan-broiled crumbles",0.088,0.262,0,27.1,1.27,0,0,922,0,1.56,29.1,259,90,0.166,0.01,8.09,0.497,11.6,0,220,0,0,0,61.1,31,304,3.77,28.4,4.34,0
"Ham, sliced, restaurant",0,0,0,19.6,3.63,0,0,507,0,0.86,20.3,246,1030,0.041,0.015,0,0,3.68,2.36,121,0.4,1.8,0,70.7,6,484,1.76,0,3.14,2.2
"Cheese, American, restaurant",0,0,0,17.5,5.57,0,3.62,1570,0,0.24,25,380,1600,0.042,0.018,0,0,31.1,6.35,375,0,0.01,0,39.5,508,173,2.45,0,2.74,3.76
"Beans, Dry, Medium Red (0% moisture)",0,0,0,25.5,0,0,0,0,4.3,6.27,178,548,0,1.04,2.05,0,0,1.04,0,0,0,0,0,0,193,1490,3.82,0,0,0
"Beans, Dry, Red (0% moisture)",0,0,0,21.3,0,0,0,0,4,5.05,152,380,0,0.959,1.93,0,0,1.16,0,0,0,0,0,0,148,1540,2.84,0,0,0
"Beans, Dry, Flor de Mayo (0% moisture)",0,0,0,23.3,0,0,0,0,4,4.47,182,439,0,0.864,1.7,0,0,0.86,0,0,0,0,0,0,180,1490,3.42,0,0,0
"Beans, Dry, Brown (0% moisture)",0,0,0,25.6,0,0,0,0,4.1,4.7,158,543,0,1.03,1.87,0,0,1.12,0,0,0,0,0,0,158,1580,3.71,0,0,0
"Beans, Dry, Tan (0% moisture)",0,0,0,26.8,0,0,0,0,4.4,5.85,198,555,0,1.1,2.16,0,0,1.14,0,0,0,0,0,0,178,1620,3.5,0,0,0
"Beans, Dry, Light Tan (0% moisture)",0,0,0,24.6,0,0,0,0,4.3,7.29,178,571,0,0.932,1.69,0,0,1.28,0,0,0,0,0,0,98,1230,3.23,0,0,0
"Beans, Dry, Carioca (0% moisture)",0,0,0,25.2,0,0,0,0,4.5,5.87,179,535,0,1.04,1.93,0,0,1.44,0,0,0,0,0,0,194,1390,3.36,0,0,0
"Beans, Dry, Cranberry (0% moisture)",0,0,0,24.4,0,0,0,0,4.3,5.26,166,487,0,0.757,1.78,0,0,1.23,0,0,0,0,0,0,152,1340,3.03,0,0,0
"Beans, Dry, Light Red Kidney (0% moisture)",0,0,0,25,0,0,0,0,4.5,6.95,158,549,0,0.786,1.52,0,0,1.03,0,0,0,0,0,0,103,1540,3.5,0,0,0
"Beans, Dry, Pink (0% moisture)",0,0,0,23.4,0,0,0,0,4.1,5.46,164,491,0,0.947,1.7,0,0,1.2,0,0,0,0,0,0,137,1490,3.26,0,0,0
"Beans, Dry, Dark Red Kidney (0% moisture)",0,0,0,25.9,0,0,0,0,4.3,6.58,164,612,0,0.865,1.67,0,0,1.31,0,0,0,0,0,0,98,1490,3.29,0,0,0
"Beans, Dry, Navy (0% moisture)",0,0,0,24.1,0,0,0,0,4.3,5.29,180,523,0,1.14,2.22,0,0,1.51,0,0,0,0,0,0,229,1470,3.31,0,0,0
"Beans, Dry, Small White (0% moisture)",0,0,0,24.5,0,0,0,0,4.3,4.93,182,533,0,1.05,2.07,0,0,1.32,0,0,0,0,0,0,236,1540,3.54,0,0,0
"Beans, Dry, Small Red (0% moisture)",0,0,0,23.5,0,0,0,0,4.1,4.95,167,493,0,0.968,1.76,0,0,1.28,0,0,0,0,0,0,149,1520,3.23,0,0,0
"Beans, Dry, Black (0% moisture)",0,0,0,24.4,0,0,0,0,4.2,5.34,180,522,0,1.12,2.08,0,0,1.45,0,0,0,0,0,0,191,1540,3.37,0,0,0
"Beans, Dry, Pinto (0% moisture)",0,0,0,23.7,0,0,0,0,4.1,5.4,170,507,0,0.978,1.78,0,0,1.24,0,0,0,0,0,0,161,1510,3.43,0,0,0
"Beans, Dry, Great Northern (0% moisture)",0,0,0,24.7,0,0,0,0,4.3,5.48,176,519,0,1.08,1.9,0,0,1.24,0,0,0,0,0,0,192,1520,3.45,0,0,0
"Broccoli, raw",0.077,0.114,65,2.57,0.83,0.82,0,132,2.4,0.69,21,67,36,0.059,0.197,0.639,0.191,0.34,6.27,31,0.01,0.58,0,90,46,303,0.42,1.6,0.41,1.4
"Ketchup, restaurant",0,0,0,1.11,3.02,8.94,0,488,0,0.43,13.5,25,949,0.066,0.086,0,0,0.55,26.8,117,0,11.4,1.48,68.5,14,249,0.16,0,0.18,21.8
"Eggs, Grade A, Large, egg white",0,0.391,0,10.7,0.65,0,0,231,0,0,0,0,0,0,0,0,0,0,2.36,55,0,0,0,86.3,0,0,0,17.9,1.71,0
"Eggs, Grade A, Large, egg yolk",0,0.467,0,16.2,1.89,0,0,1400,0,0,0,0,0,0,0,0,0,28.8,1.02,334,0,0,0,52.1,0,0,0,55.8,2.59,0
"Eggs, Grade A, Large, egg whole",0.077,0.419,71,12.4,0.85,0,0,617,0,1.67,11.4,184,129,0,0,0,0.063,9.96,0.96,148,0,0.2,0,75.8,48,132,1.24,31.1,1.99,0.2
"Pork, cured, bacon, cooked, restaurant",0,0,0,40.9,6.33,0.01,0,2090,0,1.28,36.5,415,1830,0.13,0.02,0,0,36.5,2.1,500,3.09,0.04,0,14.2,13,557,3.56,0,6.54,3.14
"Butter, stick, unsalted",0,0,0,0,0,0,0,0,0,0.03,1.6,19,10,0.001,0,0,0,81.5,0,0,0,0,0,17.4,14,19,0.07,0,0,0
"Flour, wheat, all-purpose, enriched, bleached",0.939,0.443,160,10.9,0.42,0,0,1530,0,5.62,26.7,108,2,0.155,0.758,6.74,0.066,1.48,77.3,366,0,0,0,9.83,19,136,0.72,15.7,1.75,0
"Flour, wheat, all-purpose, enriched, unbleached",1.05,0.467,159,13.1,0.53,0,0,1500,0,5.41,33.3,115,4,0.172,0.875,7.07,0.079,1.48,73.2,358,0,0,0,11.7,21,135,0.9,14.2,2.1,0
"Flour, wheat, all-purpose, unenriched, unbleached",0.298,0,23,12,0.56,0,0,1510,3,1.18,36.1,134,2,0.212,0.819,1.59,0.085,1.7,74.6,362,0,0,0,11.1,22,150,1.15,20.1,1.92,0
"Flour, whole wheat, unenriched",0.504,0.128,39,15.1,1.56,0,0,1550,10.6,3.86,136,352,3,0.452,3.56,5.55,0.268,2.73,71.2,370,0,0,0,9.44,38,376,3.24,23.6,2.41,0
"Flour, bread, white, enriched, unbleached",0.953,0.436,145,14.3,0.5,0,0,1520,0,5.55,35.9,124,3,0.194,0.751,6.56,0.079,1.65,72.8,363,0,0,0,10.7,19,127,1.06,33.3,2.29,0
"Flour, rice, white, unenriched",0.09,0,16,6.94,0.35,0,0,1500,0.5,0.22,22.9,94,5,0.209,0.892,1.25,0.052,1.3,79.8,359,0,0,0,11.6,6,75,1.19,5.3,1.11,0
"Flour, corn, yellow, fine meal, enriched",0.662,0.354,155,6.2,0.46,0.13,0,1520,4.3,4.44,30.1,92,0,0.082,0.172,5.75,0.13,1.74,80.8,364,0.67,0.24,0,10.8,0,144,0.62,8.3,0.99,1.04
"Butter, stick, salted",0,0,5,0,0,0,0.58,0,0,0.06,1.6,22,524,0.006,0.005,0,0,82.2,0,0,0,0,0,15.8,21,23,0.07,0,0,0.58
"Onions, red, raw",0,0,0,0.94,0.43,1.79,0,186,2.2,0.24,11.4,41,1,0.058,0.119,0,0,0.1,9.93,44,1.68,2.29,0,88.6,17,197,0.17,0.5,0,5.76
"Onions, yellow, raw",0,0,0,0.83,0.41,1.91,0,160,1.9,0.28,9,34,1,0.035,0.144,0,0,0.05,8.61,38,1.6,2.31,0,90.1,15,182,0.2,0,0,5.82
"Garlic, raw",0,0,0,6.62,1.71,0,0,597,2.7,0,0,0,0,0,0,0,0,0.38,28.2,143,0,0,0,63.1,0,0,0,9.8,1.06,0
"Flour, soy, defatted",0.542,0.298,0,51.1,6.45,0,0,1530,0,7.34,313,726,2,1.51,3.81,3.43,0.618,3.33,32.9,366,0,0,0,6.24,338,2480,4.44,45.8,8.18,0
"Flour, soy, full-fat",0.362,0.363,0,38.6,4.92,0,0,1890,0,9.51,254,607,2,1.09,3.16,2.74,0.34,20.7,27.9,452,0,0,0,7.85,258,1860,3.75,14.3,6.18,0
"Flour, rice, brown",0.322,0.008,0,7.19,1.4,0,0,1580,0,1.5,124,319,1,0.286,2.84,5.99,0.132,3.85,75.5,365,0,0,0,12.1,10,265,1.91,9.68,1.15,0
"Flour, rice, glutinous",0.053,0,0,6.69,0.22,0,0,1500,0,0.34,21.2,63,6,0.17,0.995,1.12,0.044,1.16,80.1,358,0,0,0,11.8,10,80,1.34,2,1.07,0
"Flour, pastry, unenriched, unbleached",0.146,0,0,8.75,0.53,0,0,1500,0,0.87,22.4,102,1,0.159,0.635,0.988,0.065,1.64,77.2,358,0,0,0,11.9,17,142,0.74,5,1.4,0
"Onions, white, raw",0,0,0,0.89,0,2.52,0,148,1.2,0.15,9.3,29,2,0.047,0.099,0,0,0.13,7.68,35,0.59,2.63,0,91.3,21,141,0.12,0,0.14,5.76
"Bananas, overripe, raw",0.04,0,25,0.73,0.67,6.7,0,357,1.7,0,0,0,0,0,0,0.57,0.234,0.22,20.1,85,2.1,7,0,78.3,0,0,0,0,0.12,15.8
"Bananas, ripe and slightly ripe, raw",0.056,0,14,0.74,0.7,6.09,0,408,1.7,0,28,22,0,0.101,0.258,0.662,0.209,0.29,23,97,4.18,5.55,0,75.3,5,326,0.16,0,0.12,15.8
"Apples, red delicious, with skin, raw",0.009,0.066,0,0.188,0.148,7.81,0,0,2.04,0,4.7,9.18,0,0.024,0.029,0.09,0.021,0.212,14.8,0,1.32,3.09,0,84.7,4.66,95.3,0.02,0,0.03,12.2
"Apples, fuji, with skin, raw",0.006,0.068,0,0.148,0.428,8.59,0,0,2.08,0.015,4.67,9.78,1.01,0.033,0.033,0.091,0.035,0.162,15.7,0,1.7,3.04,0,83.6,5.98,104,0.017,0,0.024,13.3
"Apples, gala, with skin, raw",0.011,0.069,0.812,0.133,0.299,7.76,0,0,2.11,0.06,4.95,8.44,0.279,0.034,0.04,0.089,0.032,0.15,14.8,0,2.06,2.01,0,84.6,6.64,106,0.024,0,0.021,11.8
"Apples, granny smith, with skin, raw",0.017,0.075,0,0.266,0.314,6.36,0,0,2.51,0.07,5.06,9.86,0,0.035,0.039,0.11,0.028,0.138,14.1,0,1.61,2.68,0,85.1,5.48,116,0.023,0,0.043,10.7
"Apples, honeycrisp, with skin, raw",0.009,0.074,0,0.102,0.086,8.75,0,0,1.72,0,4.15,7.85,0.138,0.023,0.04,0.074,0.033,0.1,14.7,0,1.31,2.31,0,85,3.87,98,0.018,0,0.016,12.4
"Mushroom, lion's mane",0.146,0.363,29.6,2.5,1.08,0,0,0,4.38,0.688,11.7,94,0.336,0.177,0.18,1.63,0.066,0.256,7.59,0,0,0,0,88.6,0,443,0.745,1.77,0.4,0
"Mushroom, oyster",0.07,0.244,63.1,2.9,0.732,0,0,0,2.85,0.698,13.9,86.2,1.13,0.106,0.086,5.75,0.099,0.188,6.94,0,0,0,0,89.2,0,282,0.684,1.38,0.464,0
"Mushrooms, shiitake",0.001,0.216,32.1,2.41,0.62,0,0,0,4.17,0.144,14.1,75.8,0.936,0.05,0.173,2.74,0.159,0.195,8.17,0,0,0,0,88.6,0.766,243,0.764,1.24,0.386,0
"Mushrooms, white button",0.065,0.444,34.8,2.89,0.829,0,0,0,1.72,0.227,10.2,93,6.44,0.389,0.054,3.88,0.077,0.371,4.08,0,0,0,0,91.8,5.46,373,0.511,20,0.462,0
"Soy milk, unsweetened, plain, shelf stable",0.063,0.084,19.7,3.55,0.635,0,0,0,0,0.542,21.5,68.6,34.3,0.108,0.208,0.236,0.055,2.12,1.29,0,0.557,0,0,92.4,101,158,0.312,1.94,0.568,0.557
"Almond milk, unsweetened, plain, shelf stable",0,0.033,0,0.555,0.487,0,0,0,0,0.29,6.78,29.8,59.6,0.021,0.045,0.074,0,1.22,0.337,0,0,0,0,97.4,173,30.8,0.172,0,0.089,0
"Spinach, baby",0.077,0.194,116,2.85,1.6,0,0,0,1.56,1.26,92.9,39,111,0.082,0.488,0.551,0.195,0.619,2.41,0,0,0,0,92.5,68.4,582,0.447,0,0.456,0
"Spinach, mature",0.076,0.192,113,2.91,1.42,0,0,0,1.59,1.05,93,40.6,107,0.079,0.426,0.51,0.214,0.604,2.64,0,0,0,0,92.4,66.6,460,0.423,0,0.465,0
"Tomato, roma",0.056,0,9.99,0.696,0.312,0,0,0,0.971,0.103,8.09,19.1,0,0.032,0.087,0.533,0.079,0.425,3.84,0,0,0,0,94.7,9.96,193,0.082,0,0.111,0
"Flour, 00",0.125,0.091,13.5,11.4,0.464,0,0,0,2.66,0.986,25.8,106,0,0.168,0.552,1.36,0.055,1.52,74.4,0,0,0,0,12.2,18.7,136,0.791,10.3,1.82,0
"Flour, spelt, whole grain",0.298,0.143,38.4,14.5,1.54,0,0,0,9.34,3.77,124,362,0,0.531,2.94,5.47,0.236,2.54,70.7,0,0,0,0,10.7,30,350,3.59,9.48,2.32,0
"Flour, semolina, coarse and semi-coarse",0.405,0.247,168,11.7,0.608,0,0,0,3.22,1.55,35.2,130,0,0.227,0.647,3.63,0.083,1.6,73.8,0,0,0,0,12.2,17.2,174,0.947,29.8,1.88,0
"Flour, semolina, fine",0.695,0.34,164,13.3,0.735,0,0,0,3.68,2.43,46.3,163,0.426,0.286,0.842,5.6,0.108,1.84,72,0,0,0,0,12.1,19.8,208,1.24,44.1,2.13,0
"Apple juice, with added vitamin C, from concentrate, shelf stable",0,0,3.09,0.086,0.124,5.7,0,0,0,0.04,4.86,5.99,4.87,0.003,0.027,0.01,0.014,0.286,11.4,0,1.39,3.21,0,88.1,7.1,95.9,0.002,0,0.014,10.3
"Orange juice, no pulp, not fortified, from concentrate, refrigerated",0.07,0,29.8,0.734,0.35,2.1,0,0,0,0.065,10.6,18.2,5.23,0.032,0.03,0.04,0.043,0.325,10.3,0,4.39,1.79,0,88.2,12.8,180,0.032,0,0.118,8.28
"Grape juice, purple, with added vitamin C, from concentrate, shelf stable",0.026,0,0.664,0.258,0.122,7.42,0,0,0,0.041,7.87,12,4.02,0.015,0.166,0.016,0.039,0.288,15.6,0,0,6.61,0,83.7,9.74,49.8,0.057,0,0.041,14
"Grape juice, white, with added vitamin C, from concentrate, shelf stable",0,0,1.73,0.094,0.138,7.39,0,0,0,0.119,4.27,12.6,7.19,0.004,0.061,0.006,0.014,0.265,15.8,0,0,7.05,0,83.7,7.32,49,0.018,0,0.015,14.4
"Cranberry juice, not fortified, from concentrate, shelf stable",0.018,0,8.97,0,0.099,0.715,0,0,0,0.126,4.38,3.3,6.34,0.013,0.211,0.009,0.009,0.338,7.26,0,0,2.7,0,92.3,6.64,70.6,0.041,0,0,3.41
"Grapefruit juice, red, not fortified, not from concentrate, refrigerated",0.033,0,19,0.57,0.221,2.06,0,0,0,0.015,7.75,14.6,1.03,0.024,0.015,0.019,0.022,0.267,9.1,0,3.18,1.87,0,89.8,8.88,128,0.027,0,0.091,7.12
"Tomato juice, with added ingredients, from concentrate, shelf stable",0.042,0,18.9,0.859,0.932,1.37,0,0,0,0.299,10.4,18.5,236,0.057,0.058,0.086,0.076,0.288,4.32,0,0,1.2,0,93.6,9.74,198,0.104,0,0.138,2.57
"Orange juice, no pulp, not fortified, not from concentrate, refrigerated",0.075,0,29,0.812,0.339,2.12,0,0,0,0.071,10.3,19,0.075,0.035,0.028,0.029,0.041,0.356,10,0,4.14,1.81,0,88.5,9.29,183,0.032,0,0.13,8.08
"Mushroom, portabella",0.005,0.465,0,2.75,0.8,0,0,0,1.88,0.139,9.04,87.5,5.31,0.203,0.049,3.9,0.097,0.312,4.66,0,0,0,0,91.5,3.24,349,0.389,14.7,0.44,0
"Mushroom, king oyster",0.006,0.244,0,2.41,0.656,0,0,0,3.01,0.338,13.5,89.9,0.771,0.047,0.091,6.45,0.119,0.308,8.5,0,0,0,0,88.1,0,294,0.625,1.2,0.385,0
"Mushroom, enoki",0.012,0.24,0,2.42,0.907,0,0,0,2.94,1.28,12.8,84.1,0.417,0.093,0.09,6.99,0.119,0.245,8.14,0,0,0,0,88.3,1.43,402,0.482,0,0.387,0
"Mushroom, crimini",0.004,0.517,0,3.09,0.875,0,0,0,1.78,0.312,10.2,100,4.57,0.321,0.061,4.17,0.112,0.197,4.01,0,0,0,0,91.8,4.1,380,0.512,15.3,0.495,0
"Mushroom, maitake",0.01,0.269,0,2.2,0.558,0,0,0,3.07,0.209,11,72.4,0.345,0.272,0.058,6.76,0.071,0.265,6.6,0,0,0,0,90.4,0,260,0.763,3.27,0.352,0
"Mushroom, beech",0.008,0.208,0,2.18,0.761,0,0,0,3.14,0.739,10.5,85.9,0.891,0.073,0.156,6.4,0.105,0.449,6.76,0,0,0,0,89.8,0.432,376,0.498,0.38,0.349,0
"Mushroom, pioppini",0.012,0.426,0,3.5,0.936,0,0,0,2.75,0.486,16,121,0,0.276,0.098,6.22,0.102,0.24,5.76,0,0,0,0,89.6,0,392,0.857,4.12,0.56,0
"Soy milk, unsweetened, plain, refrigerated",0.044,0.331,15.8,2.78,0.75,0,0,0,0,0.367,17.5,46,39.4,0.096,0.16,0.133,0.036,1.96,3,0,2.58,0,0,91.5,155,118,0.264,0,0.444,0
"Almond milk, unsweetened, plain, refrigerated",0.005,0.083,0,0.656,0.595,0,0,0,0,0.125,8.25,19.1,59.2,0.027,0.056,0.089,0,1.56,0.671,0,0.039,0,0,96.5,158,49.3,0.077,0,0.105,0
"Oat milk, unsweetened, plain, refrigerated",0.04,0.281,0,0.797,0.794,0,0,0,0,0.261,5.91,89.2,42,0.027,0.126,0.096,0.006,2.75,5.1,0,0,0.771,1.55,90.6,148,148,0.091,0,0.128,2.32
"Carrots, mature, raw",0.065,0.095,37.1,0.941,0.721,0,0,0,3.1,0.15,12.4,39.8,86.6,0.061,0.13,1.41,0.146,0.351,10.3,0,0,0,0,87.7,30.5,280,0.236,0,0.151,0
"Carrots, baby, raw",0.044,0.116,43.6,0.805,0.679,0,0,0,2.69,0.088,11.1,29.6,62.7,0.041,0.093,0.741,0.115,0.138,9.08,0,0,0,0,89.3,42.2,237,0.16,0,0.129,0
"Peppers, bell, green, raw",0.039,0.089,22.2,0.715,0.281,0,0,0,0.942,0.186,9,16.8,0,0.058,0.1,0.636,0.247,0.106,4.78,0,0,0,0,94.1,7.5,163,0.126,0,0.114,0
"Peppers, bell, yellow, raw",0.049,0.098,41.6,0.819,0.378,0,0,0,1.07,0.36,10.3,24.8,0,0.045,0.142,0.91,0.292,0.121,6.6,0,0,0,0,92.1,6.69,197,0.193,0,0.131,0
"Peppers, bell, red, raw",0.055,0.142,47.3,0.896,0.396,0,0,0,1.16,0.353,11,26.6,0,0.04,0.133,1.02,0.303,0.126,6.65,0,0,0,0,91.9,6.36,213,0.202,0,0.143,0
"Peppers, bell, orange, raw",0.055,0.102,0,0.882,0.379,0,0,0,0.967,0.365,10.4,26.6,0,0.035,0.149,1.08,0.332,0.156,6.7,0,0,0,0,91.9,4.9,201,0.242,0.3,0.141,0
"Buttermilk, low fat",0.049,0.196,0,3.46,0.852,0,3.66,0,0,0.013,11,92.2,92.5,0.001,0,0.128,0.039,1.08,4.81,0,0,0,0,89.8,120,158,0.426,0,0.543,0
"Yogurt, plain, whole milk",0.055,0.243,0,3.82,0.847,0,3.35,0,0,0,11.4,101,41.8,0.003,0.002,0.135,0.045,4.48,5.57,0,0,0,0,85.3,127,164,0.428,0,0.599,4.09
"Yogurt, Greek, plain, whole milk",0.055,0.244,0,8.78,0.753,0,2.61,0,0,0,10.7,126,33.8,0.01,0.006,0.227,0.044,4.39,4.75,0,0,0,0,81.3,111,147,0.473,0,1.38,3.25
"Cheese, parmesan, grated, refrigerated",0.035,0.409,0,30.1,5.2,0,0,0,0,0.14,35.4,625,1050,0.042,0.037,0.141,0.023,29.5,4.33,0,0,0.607,0,30.8,950,74,4.62,0,4.72,0.638
"Cheese, feta, whole milk, crumbled",0.056,0.444,0,19.7,3.74,0,0.61,0,0,0.068,17.7,328,1030,0.032,0.02,0.264,0.038,19.1,5.58,0,0,0.586,0,51.9,371,105,2.35,0,3.09,1.63
"Flour, almond",0.112,0.748,37.8,26.2,2.96,0,0,0,9.27,3.22,251,512,0.894,0.975,1.81,4,0.1,50.2,16.2,0,0,0,0,4.32,232,667,2.8,0.742,4.2,0
"Flour, oat, whole grain",0.39,0.161,34.7,13.2,1.75,0,0,0,10.5,4,125,372,3.62,0.443,3.26,1.94,0.148,6.31,69.9,0,0,0,0,8.86,42.8,373,2.75,38.2,2.11,0
"Flour, potato",0.198,0.115,41.2,8.11,2.71,0,0,0,5.4,12,73.6,197,47.7,0.231,0.676,5.63,0.582,0.951,79.9,0,0,0,0,8.28,44.1,1270,0.9,1.42,1.3,0
"Peanut butter, creamy",0.121,0,97.3,24,2.77,0,0,0,6.32,1.85,193,393,221,0.54,1.68,17.2,0.38,49.4,22.7,0,0,0,0,1.1,49.8,654,3.06,20.2,4.39,0
"Sesame butter, creamy",0.993,0,108,19.7,3.11,0,0,0,8.37,7,357,719,63.6,1.65,1.61,5.81,0.595,62.4,14.2,0,0,0,0,0.606,116,408,6.04,46.5,3.72,0
"Almond butter, creamy",0.095,0,42.5,20.8,3.18,0,0,0,9.72,4.11,268,507,0.996,0.975,2.14,3.91,0.084,53,21.2,0,0,0,0,1.75,264,745,3.18,0.794,4.01,0
"Flaxseed, ground",0.537,0,41.4,18,3.52,0,0,0,23.1,5.78,372,556,36.7,1.34,2.4,3.76,0.393,37.3,34.4,0,0,0,0,6.8,230,793,4.74,136,3.4,0
"Cottage cheese, full fat, large or small curd",0.052,0,0,11.6,1.45,0,0,0,0,0,9.19,154,350,0,0,0.138,0.047,4.22,4.6,0,0,0,0,78.1,88.3,124,0.454,0,1.82,0
"Cream cheese, full fat, block",0.038,0,0,5.79,1.44,0,0,0,0,0,8.91,108,368,0,0,0.092,0.039,33.5,4.56,0,0,0,0,54.7,97.1,125,0.589,0,0.908,0
"Cream, heavy",0.032,0,0,2.02,0.492,0,0,0,0,0,5.97,57,20.6,0,0,0.061,0.031,35.6,3.8,0,0,0,0,58.1,61.2,96.9,0.223,0,0.316,0
"Cream, sour, full fat",0.043,0,0,3.07,0.804,0,0,0,0,0,10.1,102,50,0,0,0.1,0.038,18,5.56,0,0,0,0,72.6,107,154,0.392,0,0.481,0
"Lettuce, iceberg, raw",0.056,0,0,0.742,0.315,0,0,0,0,0.033,6.31,19.2,16.1,0.033,0.082,0.218,0.04,0.074,3.37,0,0,0,0,95.5,14.2,139,0.173,0,0.119,0
"Lettuce, romaine, green, raw",0.063,0,0,0.977,0.606,0,0,0,0,0.267,12,23.4,23,0.049,0.227,0.371,0.063,0.071,4.06,0,0,0,0,94.3,27.6,260,0.252,0,0.156,0
"Lettuce, leaf, red, raw",0.061,0,0,0.883,0.7,0,0,0,0,0.402,12.4,24.4,24.9,0.038,0.177,0.329,0.074,0.106,3.26,0,0,0,0,95,42.6,321,0.303,0,0.141,0
"Lettuce, leaf, green, raw",0.082,0,0,1.09,0.674,0,0,0,0,0.32,12.8,26.6,28.9,0.04,0.156,0.375,0.071,0.156,4.07,0,0,0,0,94,39.8,277,0.31,0,0.175,0
"Nuts, pine nuts, raw",0.625,0,0,15.7,2.51,0,0,0,3.94,5.36,206,540,0,1.12,10.2,4.47,0.255,61.3,18.6,0,0,0,0,1.92,8.74,655,5.71,0,2.96,0
"Nuts, almonds, whole, raw",0.16,0,0,21.5,3.16,0,0,0,10.8,3.74,258,503,0,0.91,2.15,3.77,0.101,51.1,20,0,0,0,0,4.26,254,733,2.86,0,4.14,0
"Nuts, walnuts, English, halves, raw",0.23,0,0,14.6,1.64,0,0,0,5.21,2.24,142,365,0,1.21,3,1.22,0.66,69.7,10.9,0,0,0,0,3.14,88.3,424,2.76,0,2.75,0
"Nuts, pecans, halves, raw",0.548,0,0,9.96,1.44,0,0,0,5.79,2.37,103,253,0,0.906,2.28,0.946,0.171,73.3,12.7,0,0,0,0,2.62,54.8,360,3.93,0,1.88,0
"Oats, whole grain, rolled, old fashioned",0.406,0,32,13.5,1.71,0,0,0,0,4.34,126,387,0.668,0.428,3.23,0.993,0.135,5.89,68.7,0,0,0,0,10.2,45.5,350,2.74,25.4,2.32,0
"Oats, whole grain, steel cut",0.334,0,30,12.5,1.8,0,0,0,0,3.8,129,417,0.311,0.411,3.41,0.926,0.119,5.8,69.8,0,0,0,0,10.1,51.3,376,2.84,29,2.15,0
"Pineapple, raw",0.064,0,0,0.461,0.246,4.05,0,0,0.935,0.054,13.4,5.42,0,0.095,0.866,0.228,0.11,0.211,14.1,0,3.46,3.91,0,85,12.5,137,0.107,0,0.074,11.4
"Cherries, sweet, dark red, raw",0,0,0,1.04,0.425,5.51,0,0,0,0.105,12.1,23.2,0,0.069,0.073,0,0.049,0.192,16.2,0,0,8.36,0,82.2,12.3,230,0.065,0,0.166,13.9
"Beans, snap, green, raw",0.06,0,0,1.97,0.684,0.926,0,0,3.01,0.652,28.2,41.2,0,0.098,0.332,0.731,0.121,0.275,7.41,0,0.077,1.33,0,89.7,40,290,0.35,0,0.315,2.33
"Potatoes, russet, without skin, raw",0.074,0,0,2.27,0.985,0.292,0,0,0,0.384,25.6,55.2,2.74,0.091,0.152,1.5,0.157,0.36,17.8,0,0.072,0.161,0,78.6,7.8,450,0.378,0,0.364,0.526
"Potatoes, red, without skin, raw",0.066,0,0,2.06,0.95,0.219,0,0,0,0.391,23.6,55.6,2.86,0.091,0.165,1.48,0.144,0.248,16.3,0,0.261,0.184,0,80.5,5.13,472,0.392,0,0.33,0.664
"Potatoes, gold, without skin, raw",0.051,0,0,1.81,0.891,0.308,0,0,0,0.373,22.3,57,2.24,0.13,0.16,1.58,0.145,0.264,16,0,0.126,0.211,0,81.1,5.94,446,0.374,0,0.29,0.645
"Sweet potatoes, orange flesh, without skin, raw",0.045,0,0,1.58,1.18,0.928,0,0,0,0.398,19.1,36.7,0,0.187,0.417,0.432,0.124,0.375,17.3,0,3.06,0.976,1.1,79.5,22.3,486,0.337,0,0.252,6.06
"Celery, raw",0,0,0,0.492,0.829,0,0,0,0,0,10.9,21.6,97.2,0,0.076,0,0.052,0.162,3.32,0,0,0,0,95.2,46.3,265,0.093,0,0.079,0
"Cucumber, with peel, raw",0,0,0,0.625,0.375,0,0,0,0,0,10.1,23.2,1.52,0.063,0.085,0,0,0.178,2.95,0,0,0,0,95.9,16.3,170,0.204,0,0.1,0
"Cabbage, green, raw",0,0,0,0.961,0.558,0,0,0,0,0.066,13.9,26.9,16.1,0,0.248,0,0.138,0.228,6.38,0,0,0,0,91.9,41.8,207,0.211,0,0.154,0
"Cabbage, red, raw",0,0,0,1.24,0.614,0,0,0,0,0,13.3,35.8,11.7,0.004,0.309,0,0.179,0.214,6.79,0,0,0,0,91.1,31,269,0.245,0,0.199,0
"Strawberries, raw",0,0,0,0.641,0.345,2.62,0,0,0,0.255,12.5,23,0,0.035,0.368,0,0,0.22,7.96,0,0,2.24,0,90.8,16.9,161,0.114,0,0.102,4.86
"Raspberries, raw",0,0,0,1.01,0.35,1.68,0,0,0,0.45,19.2,27.5,0,0.053,0.494,0,0,0.188,12.9,0,0,0.992,0,85.6,16.4,156,0.221,0,0.161,2.68
"Blueberries, raw",0,0,0,0.703,0.229,4.94,0,0,0,0.34,6.18,13,0,0.046,0.423,0,0,0.306,14.6,0,0,4.42,0,84.2,11.7,85.6,0.085,0,0.112,9.36
"Grapes, red, seedless, raw",0,0,0,0.914,0.535,9.17,0,0,0,0.162,8.56,24.9,7,0.081,0.098,0,0,0.164,20.2,0,0,8.17,0,78.2,10.2,229,0.036,0,0.146,17.3
"Grapes, green, seedless, raw",0,0,0,0.899,0.385,8.65,0,0,0,0.199,7.12,22,3.17,0.061,0.084,0,0,0.232,18.6,0,0,7.49,0,79.9,9.9,218,0.027,0,0.144,16.1
"Applesauce, unsweetened, with added vitamin C",0,0,0,0.273,0.202,5.86,0,0,0,0.045,3.94,9.12,0.504,0.039,0.037,0,0,0.162,12.3,0,1.36,2.45,0,87.1,3.82,108,0.003,0,0.044,9.66
